"2","0","18","1","0","北海道","hokkaido",,"1","system","2016-07-20 03:09:00","B57190","2016-11-16 09:44:00","26"
"3","2","1","2","1","札幌市","sapporo",,"1","system","2016-07-20 03:09:00","system","2016-07-20 03:09:00","1"
"4","2","2","2","1","函館市","hakodate-shi",,"1","system","2016-07-20 03:09:00","system","2016-07-20 03:09:00","1"
"5","2","4","2","1","旭川市","asahikawa",,"1","system","2016-07-20 03:09:00","system","2016-07-20 03:09:00","1"
"7","0","20","1","0","青森県","aomori",,"1","system","2016-07-20 03:09:00","B57190","2016-11-16 09:44:00","27"
"8","7","1","2","1","青森市","aomori-shi",,"1","system","2016-07-20 03:09:00","system","2016-07-20 03:09:00","1"
"9","7","7","2","1","その他地域","aomori-otherareas",,"1","system","2016-07-20 03:09:00","system","2016-07-20 03:09:00","1"
"10","0","21","1","0","岩手県","iwate",,"1","system","2016-07-20 03:09:00","B57190","2016-11-16 09:44:00","29"
"11","10","1","2","1","盛岡市","morioka",,"1","system","2016-07-20 03:09:00","system","2016-07-20 03:09:00","1"
"13","0","22","1","0","宮城県","miyagi",,"1","system","2016-07-20 03:09:00","B57190","2016-11-16 09:44:00","29"
"14","13","1","2","1","仙台市","sendaicity",,"1","system","2016-07-20 03:09:00","system","2016-07-20 03:09:00","1"
"16","0","23","1","0","秋田県","akita",,"1","system","2016-07-20 03:09:00","B57190","2016-11-16 09:44:00","30"
"17","16","1","2","1","秋田市","akita-shi",,"1","system","2016-07-20 03:09:00","system","2016-07-20 03:09:00","1"
"19","0","25","1","1","山形県","yamagata",,"1","system","2016-07-20 03:09:00","B57190","2016-11-16 09:44:00","30"
"20","0","24","1","0","福島県","fukushima",,"1","system","2016-07-20 03:09:00","B57190","2016-11-16 09:44:00","29"
"21","20","2","2","1","郡山市","koriyama",,"1","system","2016-07-20 03:09:00","system","2016-07-20 03:09:00","1"
"22","20","3","2","1","いわき市","iwakicity",,"1","system","2016-07-20 03:09:00","system","2016-07-20 03:09:00","1"
"26","783","21","2","1","足立区","adachi-ku",,"1","system","2016-07-20 03:09:00","system","2016-07-20 03:09:00","1"
"27","783","18","2","1","荒川区","arakawa-ku",,"1","system","2016-07-20 03:09:00","system","2016-07-20 03:09:00","1"
"28","783","19","2","1","板橋区","itabashi-ku",,"1","system","2016-07-20 03:09:00","system","2016-07-20 03:09:00","1"
"29","783","23","2","1","江戸川区","edogawa-ku",,"1","system","2016-07-20 03:09:00","system","2016-07-20 03:09:00","1"
"30","783","11","2","1","大田区","ota-ku",,"1","system","2016-07-20 03:09:00","system","2016-07-20 03:09:00","1"
"31","783","22","2","1","葛飾区","katsushika",,"1","system","2016-07-20 03:09:00","system","2016-07-20 03:09:00","1"
"32","783","17","2","1","北区","kita-ku",,"1","system","2016-07-20 03:09:00","system","2016-07-20 03:09:00","1"
"33","783","8","2","1","江東区","kotoward",,"1","system","2016-07-20 03:09:00","system","2016-07-20 03:09:00","1"
"34","783","9","2","1","品川区","shinagawa-ku",,"1","system","2016-07-20 03:09:00","system","2016-07-20 03:09:00","1"
"35","783","13","2","1","渋谷区","shibuyaward",,"1","system","2016-07-20 03:09:00","system","2016-07-20 03:09:00","1"
"36","783","4","2","1","新宿区","shinjukuward",,"1","system","2016-07-20 03:09:00","system","2016-07-20 03:09:00","1"
"37","783","15","2","1","杉並区","suginami",,"1","system","2016-07-20 03:09:00","system","2016-07-20 03:09:00","1"
"38","783","7","2","1","墨田区","sumida-ku",,"1","system","2016-07-20 03:09:00","system","2016-07-20 03:09:00","1"
"39","783","12","2","1","世田谷区","setagaya",,"1","system","2016-07-20 03:09:00","system","2016-07-20 03:09:00","1"
"40","783","6","2","1","台東区","taito",,"1","system","2016-07-20 03:09:00","system","2016-07-20 03:09:00","1"
"41","783","2","2","1","中央区","chuo-ku",,"1","system","2016-07-20 03:09:00","system","2016-07-20 03:09:00","1"
"42","783","1","2","1","千代田区","chiyodaward",,"1","system","2016-07-20 03:09:00","system","2016-07-20 03:09:00","1"
"43","783","16","2","1","豊島区","toshimaward",,"1","system","2016-07-20 03:09:00","system","2016-07-20 03:09:00","1"
"44","783","14","2","1","中野区","nakano",,"1","system","2016-07-20 03:09:00","system","2016-07-20 03:09:00","1"
"45","783","20","2","1","練馬区","nerima-ku",,"1","system","2016-07-20 03:09:00","system","2016-07-20 03:09:00","1"
"46","783","5","2","1","文京区","bunkyoku",,"1","system","2016-07-20 03:09:00","system","2016-07-20 03:09:00","1"
"47","783","3","2","1","港区","minato-ku",,"1","system","2016-07-20 03:09:00","system","2016-07-20 03:09:00","1"
"48","783","10","2","1","目黒区","meguro",,"1","system","2016-07-20 03:09:00","system","2016-07-20 03:09:00","1"
"49","783","24","2","1","八王子市","hachiojicity",,"1","system","2016-07-20 03:09:00","system","2016-07-20 03:09:00","1"
"50","0","3","1","0","神奈川県","kanagawa",,"1","system","2016-07-20 03:09:00","B57190","2016-11-16 09:43:00","9"
"51","50","1","2","1","横浜市鶴見区","tsurumi-kuyokohama-shi",,"1","system","2016-07-20 03:09:00","system","2016-07-20 03:09:00","1"
"52","50","19","2","1","川崎市","kawasakicity",,"1","system","2016-07-20 03:09:00","system","2016-07-20 03:09:00","1"
"53","50","20","2","1","相模原市","sagamiharacity",,"1","system","2016-07-20 03:09:00","system","2016-07-20 03:09:00","1"
"54","50","21","2","1","横須賀市","yokosuka",,"1","system","2016-07-20 03:09:00","system","2016-07-20 03:09:00","1"
"55","50","22","2","1","平塚市","hiratsuka",,"1","system","2016-07-20 03:09:00","system","2016-07-20 03:09:00","1"
"56","0","5","1","0","埼玉県","saitama",,"1","system","2016-07-20 03:09:00","B57190","2016-11-16 09:44:00","9"
"57","56","1","2","1","さいたま市西区","saitama-shinishi-ku",,"1","system","2016-07-20 03:09:00","B57190","2016-11-16 09:44:00","3"
"58","56","11","2","1","川越市","kawagoe-shi",,"1","system","2016-07-20 03:09:00","B57190","2016-11-16 09:44:00","3"
"59","56","12","2","1","熊谷市","kumagaya-shi",,"1","system","2016-07-20 03:09:00","B57190","2016-11-16 09:44:00","3"
"60","0","4","1","0","千葉県","chiba",,"1","system","2016-07-20 03:09:00","B57190","2016-11-16 09:43:00","6"
"61","60","1","2","1","千葉市","chiba-shi",,"1","system","2016-07-20 03:09:00","system","2016-07-20 03:09:00","1"
"62","60","2","2","1","船橋市","funabashi",,"1","system","2016-07-20 03:09:00","system","2016-07-20 03:09:00","1"
"63","60","3","2","1","柏市","kashiwa-shi",,"1","system","2016-07-20 03:09:00","system","2016-07-20 03:09:00","1"
"64","60","4","2","1","銚子市","choshi",,"1","system","2016-07-20 03:09:00","system","2016-07-20 03:09:00","1"
"65","0","9","1","0","栃木県","tochigi",,"1","system","2016-07-20 03:09:00","B57190","2016-11-16 09:44:00","11"
"66","65","1","2","1","宇都宮市","utsunomiya-shi",,"1","system","2016-07-20 03:09:00","B57190","2016-11-16 09:27:00","3"
"67","65","2","2","1","足利市","ashikaga",,"1","system","2016-07-20 03:09:00","B57190","2016-11-16 09:27:00","3"
"68","0","7","1","0","茨城県","ibaraki",,"1","system","2016-07-20 03:09:00","B57190","2016-11-16 09:44:00","11"
"69","0","6","1","0","群馬県","gunma",,"1","system","2016-07-20 03:09:00","B57190","2016-11-16 09:44:00","12"
"70","69","1","2","1","前橋市","maebashi",,"1","system","2016-07-20 03:09:00","B61509","2016-11-07 08:55:00","3"
"71","69","2","2","1","高崎市","takasaki",,"1","system","2016-07-20 03:09:00","B61509","2016-11-07 08:55:00","3"
"72","69","3","2","1","桐生市","kiryushi",,"1","system","2016-07-20 03:09:00","B61509","2016-11-07 08:55:00","3"
"74","0","11","1","0","愛知県","aichi",,"1","system","2016-07-20 03:09:00","B57190","2016-11-16 09:44:00","29"
"75","74","1","2","1","名古屋市","nagoyacity",,"1","system","2016-07-20 03:09:00","system","2016-07-20 03:09:00","1"
"76","74","2","2","1","豊橋市","toyohashi",,"1","system","2016-07-20 03:09:00","system","2016-07-20 03:09:00","1"
"77","74","3","2","1","豊田市","toyota-shi",,"1","system","2016-07-20 03:09:00","system","2016-07-20 03:09:00","1"
"78","74","4","2","1","岡崎市","okazaki",,"1","system","2016-07-20 03:09:00","system","2016-07-20 03:09:00","1"
"79","74","5","2","1","一宮市","ichinomiya",,"1","system","2016-07-20 03:09:00","system","2016-07-20 03:09:00","1"
"80","0","26","1","0","岐阜県","gifu",,"1","system","2016-07-20 03:09:00","B57190","2016-11-16 09:44:00","35"
"81","80","1","2","1","岐阜市","gifu-shi",,"1","system","2016-07-20 03:09:00","system","2016-07-20 03:09:00","1"
"83","0","10","1","0","静岡県","shizuoka",,"1","system","2016-07-20 03:09:00","B57190","2016-11-16 09:44:00","28"
"84","83","1","2","1","静岡市","shizuokacity",,"1","system","2016-07-20 03:09:00","system","2016-07-20 03:09:00","1"
"85","83","2","2","1","浜松市","hamamatsu",,"1","system","2016-07-20 03:09:00","system","2016-07-20 03:09:00","1"
"86","154","3","2","1","大牟田市","omutacity",,"1","system","2016-07-20 03:09:00","system","2016-07-20 03:09:00","1"
"87","0","12","1","1","三重県","mie",,"1","system","2016-07-20 03:09:00","B57190","2016-11-16 09:44:00","25"
"88","0","27","1","0","新潟県","niigata",,"1","system","2016-07-20 03:09:00","B57190","2016-11-16 09:44:00","26"
"89","88","1","2","1","新潟市","niigatacity",,"1","system","2016-07-20 03:09:00","system","2016-07-20 03:09:00","1"
"91","0","8","1","1","山梨県","yamanashi",,"1","system","2016-07-20 03:09:00","B57190","2016-11-16 09:44:00","23"
"92","0","28","1","0","長野県","nagano",,"1","system","2016-07-20 03:09:00","B57190","2016-11-16 09:44:00","21"
"93","92","1","2","1","長野市","naganocity",,"1","system","2016-07-20 03:09:00","system","2016-07-20 03:09:00","1"
"95","0","29","1","0","石川県","ishikawa",,"1","system","2016-07-20 03:09:00","B57190","2016-11-16 09:44:00","20"
"96","95","1","2","1","金沢市","kanazawa",,"1","system","2016-07-20 03:09:00","system","2016-07-20 03:09:00","1"
"98","0","30","1","0","富山県","toyama",,"1","system","2016-07-20 03:09:00","B57190","2016-11-16 09:44:00","21"
"99","98","1","2","1","富山市","cityoftoyama",,"1","system","2016-07-20 03:09:00","system","2016-07-20 03:09:00","1"
"101","0","31","1","1","福井県","fukui",,"1","system","2016-07-20 03:09:00","B57190","2016-11-16 09:44:00","20"
"103","0","13","1","0","大阪府","osaka",,"1","system","2016-07-20 03:09:00","B57190","2016-11-16 09:44:00","37"
"104","103","1","2","1","大阪市","osaka-shi",,"1","system","2016-07-20 03:09:00","system","2016-07-20 03:09:00","1"
"105","103","2","2","1","堺市","sakai",,"1","system","2016-07-20 03:09:00","system","2016-07-20 03:09:00","1"
"106","103","4","2","1","豊中市","toyonaka",,"1","system","2016-07-20 03:09:00","system","2016-07-20 03:09:00","1"
"107","103","8","2","1","高槻市","takatsuki-shi",,"1","system","2016-07-20 03:09:00","system","2016-07-20 03:09:00","1"
"108","103","11","2","1","枚方市","hirakata",,"1","system","2016-07-20 03:09:00","system","2016-07-20 03:09:00","1"
"109","103","28","2","1","東大阪市","higashiosakacity",,"1","system","2016-07-20 03:09:00","system","2016-07-20 03:09:00","1"
"110","103","3","2","1","岸和田市","kishiwadacity",,"1","system","2016-07-20 03:09:00","system","2016-07-20 03:09:00","1"
"111","0","14","1","0","兵庫県","hyogo",,"1","system","2016-07-20 03:09:00","B57190","2016-11-16 09:44:00","36"
"112","111","1","2","1","神戸市","kobecity",,"1","system","2016-07-20 03:09:00","system","2016-07-20 03:09:00","1"
"113","111","2","2","1","姫路市","himejicity",,"1","system","2016-07-20 03:09:00","system","2016-07-20 03:09:00","1"
"114","111","3","2","1","尼崎市","amagasaki",,"1","system","2016-07-20 03:09:00","system","2016-07-20 03:09:00","1"
"115","111","5","2","1","西宮市","nishinomiya",,"1","system","2016-07-20 03:09:00","system","2016-07-20 03:09:00","1"
"116","111","4","2","1","明石市","akashi-shi",,"1","system","2016-07-20 03:09:00","system","2016-07-20 03:09:00","1"
"117","0","15","1","0","京都府","kyoto",,"1","system","2016-07-20 03:09:00","B57190","2016-11-16 09:44:00","33"
"118","117","1","2","1","京都市","kyotocity",,"1","system","2016-07-20 03:09:00","system","2016-07-20 03:09:00","1"
"120","0","16","1","0","滋賀県","shiga",,"1","system","2016-07-20 03:09:00","B57190","2016-11-16 09:44:00","30"
"121","120","1","2","1","大津市","otsu",,"1","system","2016-07-20 03:09:00","system","2016-07-20 03:09:00","1"
"122","120","2","2","1","彦根市","hikonecity",,"1","system","2016-07-20 03:09:00","system","2016-07-20 03:09:00","1"
"123","0","19","1","0","奈良県","nara",,"1","system","2016-07-20 03:09:00","B57190","2016-11-16 09:44:00","28"
"124","123","1","2","1","奈良市","naracity",,"1","system","2016-07-20 03:09:00","B57190","2016-11-16 09:32:00","3"
"125","123","2","2","1","大和高田市","yamatotakadacity",,"1","system","2016-07-20 03:09:00","B57190","2016-11-16 09:32:00","3"
"126","0","17","1","0","和歌山県","wakayama",,"1","system","2016-07-20 03:09:00","B57190","2016-11-16 09:44:00","24"
"127","126","1","2","1","和歌山市","wakayama-shi",,"1","system","2016-07-20 03:09:00","system","2016-07-20 03:09:00","1"
"128","126","2","2","1","海南市","hainancity",,"1","system","2016-07-20 03:09:00","system","2016-07-20 03:09:00","1"
"130","0","32","1","0","岡山県","okayama",,"1","system","2016-07-20 03:09:00","B57190","2016-11-16 09:44:00","40"
"131","130","1","2","1","岡山市","okayamacity",,"1","system","2016-07-20 03:09:00","system","2016-07-20 03:09:00","1"
"132","130","2","2","1","倉敷市","kurashiki",,"1","system","2016-07-20 03:09:00","system","2016-07-20 03:09:00","1"
"134","0","33","1","0","広島県","hiroshima",,"1","system","2016-07-20 03:09:00","B57190","2016-11-16 09:44:00","40"
"135","134","2","2","1","広島市","hiroshimacity",,"1","system","2016-07-20 03:09:00","system","2016-07-20 03:09:00","1"
"136","134","4","2","1","福山市","fukuyama",,"1","system","2016-07-20 03:09:00","system","2016-07-20 03:09:00","1"
"138","0","34","1","1","鳥取県","tottori",,"1","system","2016-07-20 03:09:00","B57190","2016-11-16 09:44:00","35"
"139","0","35","1","1","島根県","shimane",,"1","system","2016-07-20 03:09:00","B57190","2016-11-16 09:44:00","30"
"140","0","36","1","0","山口県","yamaguchi",,"1","system","2016-07-20 03:09:00","B57190","2016-11-16 09:44:00","25"
"141","140","2","2","1","下関市","shimonoseki",,"1","system","2016-07-20 03:09:00","system","2016-07-20 03:09:00","1"
"143","0","37","1","0","香川県","kagawa",,"1","system","2016-07-20 03:09:00","B57190","2016-11-16 09:44:00","21"
"144","143","5","2","1","高松市","takamatsu",,"1","system","2016-07-20 03:09:00","system","2016-07-20 03:09:00","1"
"146","0","38","1","1","徳島県","tokushima",,"1","system","2016-07-20 03:09:00","B57190","2016-11-16 09:44:00","18"
"147","0","39","1","0","愛媛県","ehime",,"1","system","2016-07-20 03:09:00","B57190","2016-11-16 09:44:00","16"
"148","147","9","2","1","松山市","matsuyama",,"1","system","2016-07-20 03:09:00","system","2016-07-20 03:09:00","1"
"150","0","40","1","0","高知県","kochi",,"1","system","2016-07-20 03:09:00","B57190","2016-11-16 09:44:00","16"
"151","150","1","2","1","高知市","kochicity",,"1","system","2016-07-20 03:09:00","system","2016-07-20 03:09:00","1"
"154","0","41","1","0","福岡県","fukuoka",,"1","system","2016-07-20 03:09:00","B57190","2016-11-16 09:44:00","48"
"155","154","1","2","1","北九州市","kitakyushu",,"1","system","2016-07-20 03:09:00","system","2016-07-20 03:09:00","1"
"156","154","2","2","1","福岡市","fukuokacity",,"1","system","2016-07-20 03:09:00","system","2016-07-20 03:09:00","1"
"157","154","4","2","1","久留米市","kurume-shi",,"1","system","2016-07-20 03:09:00","system","2016-07-20 03:09:00","1"
"159","0","42","1","1","佐賀県","saga",,"1","system","2016-07-20 03:09:00","B57190","2016-11-16 09:44:00","44"
"160","0","43","1","0","長崎県","nagasaki",,"1","system","2016-07-20 03:09:00","B57190","2016-11-16 09:44:00","39"
"161","160","1","2","1","長崎市","nagasaki-shi",,"1","system","2016-07-20 03:09:00","system","2016-07-20 03:09:00","1"
"163","0","44","1","0","熊本県","kumamoto",,"1","system","2016-07-20 03:09:00","B57190","2016-11-16 09:44:00","34"
"164","163","2","2","1","熊本市","kumamoto-shi",,"1","system","2016-07-20 03:09:00","system","2016-07-20 03:09:00","1"
"166","0","45","1","0","大分県","oita",,"1","system","2016-07-20 03:09:00","B57190","2016-11-16 09:44:00","28"
"167","166","1","2","1","大分市","oita-shi",,"1","system","2016-07-20 03:09:00","system","2016-07-20 03:09:00","1"
"169","0","46","1","0","宮崎県","miyazaki",,"1","system","2016-07-20 03:09:00","B57190","2016-11-16 09:44:00","23"
"170","169","3","2","1","宮崎市","miyazaki-shi",,"1","system","2016-07-20 03:09:00","system","2016-07-20 03:09:00","1"
"172","0","47","1","0","鹿児島県","kagoshima",,"1","system","2016-07-20 03:09:00","B57190","2016-11-16 09:44:00","19"
"173","172","3","2","1","鹿児島市","kagoshima-shi",,"1","system","2016-07-20 03:09:00","system","2016-07-20 03:09:00","1"
"175","0","48","1","0","沖縄県","okinawa",,"1","system","2016-07-20 03:09:00","B57190","2016-11-16 09:44:00","16"
"176","175","6","2","1","那覇市","naha-shi",,"1","system","2016-07-20 03:09:00","system","2016-07-20 03:09:00","1"
"178","783","25","2","1","立川市","tachikawa",,"1","system","2016-07-20 03:09:00","system","2016-07-20 03:09:00","1"
"179","783","26","2","1","武蔵野市","musashino",,"1","system","2016-07-20 03:09:00","system","2016-07-20 03:09:00","1"
"180","783","27","2","1","三鷹市","mitaka",,"1","system","2016-07-20 03:09:00","system","2016-07-20 03:09:00","1"
"181","783","28","2","1","青梅市","oumecity",,"1","system","2016-07-20 03:09:00","system","2016-07-20 03:09:00","1"
"182","783","29","2","1","府中市","fuchu-shi",,"1","system","2016-07-20 03:09:00","system","2016-07-20 03:09:00","1"
"183","783","30","2","1","昭島市","akishima-shi",,"1","system","2016-07-20 03:09:00","system","2016-07-20 03:09:00","1"
"184","783","31","2","1","調布市","chofu",,"1","system","2016-07-20 03:09:00","system","2016-07-20 03:09:00","1"
"185","783","32","2","1","町田市","machida-shi",,"1","system","2016-07-20 03:09:00","system","2016-07-20 03:09:00","1"
"187","783","34","2","1","小平市","kodaira",,"1","system","2016-07-20 03:09:00","system","2016-07-20 03:09:00","1"
"188","783","35","2","1","日野市","hino",,"1","system","2016-07-20 03:09:00","system","2016-07-20 03:09:00","1"
"189","783","36","2","1","東村山市","higashimurayamacity",,"1","system","2016-07-20 03:09:00","system","2016-07-20 03:09:00","1"
"190","783","37","2","1","国分寺市","kokubunji",,"1","system","2016-07-20 03:09:00","system","2016-07-20 03:09:00","1"
"191","783","38","2","1","国立市","nationalcity",,"1","system","2016-07-20 03:09:00","system","2016-07-20 03:09:00","1"
"192","783","39","2","1","福生市","fuukicity",,"1","system","2016-07-20 03:09:00","system","2016-07-20 03:09:00","1"
"193","783","40","2","1","狛江市","komae",,"1","system","2016-07-20 03:09:00","system","2016-07-20 03:09:00","1"
"194","783","41","2","1","東大和市","higashiyamasa",,"1","system","2016-07-20 03:09:00","system","2016-07-20 03:09:00","1"
"195","783","42","2","1","清瀬市","kiyose",,"1","system","2016-07-20 03:09:00","system","2016-07-20 03:09:00","1"
"196","783","43","2","1","東久留米市","higokurumecity",,"1","system","2016-07-20 03:09:00","system","2016-07-20 03:09:00","1"
"197","783","44","2","1","武蔵村山市","musashimurayama-shi",,"1","system","2016-07-20 03:09:00","system","2016-07-20 03:09:00","1"
"198","783","48","2","1","多摩市","tamacity",,"1","system","2016-07-20 03:09:00","system","2016-07-20 03:09:00","1"
"199","783","45","2","1","稲城市","inagi-shi",,"1","system","2016-07-20 03:09:00","system","2016-07-20 03:09:00","1"
"201","783","47","2","1","あきる野市","akiruno",,"1","system","2016-07-20 03:09:00","system","2016-07-20 03:09:00","1"
"202","783","49","2","1","西東京市","nishitokyo",,"1","system","2016-07-20 03:09:00","system","2016-07-20 03:09:00","1"
"203","783","50","2","1","西多摩郡","nishitama-gun",,"1","system","2016-07-20 03:09:00","system","2016-07-20 03:09:00","1"
"216","50","23","2","1","鎌倉市","kamakuracity",,"1","system","2016-07-20 03:09:00","system","2016-07-20 03:09:00","1"
"217","50","24","2","1","藤沢市","fujisawa",,"1","system","2016-07-20 03:09:00","system","2016-07-20 03:09:00","1"
"218","50","25","2","1","小田原市","odawaracity",,"1","system","2016-07-20 03:09:00","system","2016-07-20 03:09:00","1"
"219","50","26","2","1","茅ヶ崎市","chigasaki",,"1","system","2016-07-20 03:09:00","system","2016-07-20 03:09:00","1"
"220","50","27","2","1","逗子市","zushi",,"1","system","2016-07-20 03:09:00","system","2016-07-20 03:09:00","1"
"221","50","28","2","1","三浦市","miura",,"1","system","2016-07-20 03:09:00","system","2016-07-20 03:09:00","1"
"222","50","29","2","1","秦野市","hatano",,"1","system","2016-07-20 03:09:00","system","2016-07-20 03:09:00","1"
"223","50","30","2","1","厚木市","atsugi",,"1","system","2016-07-20 03:09:00","system","2016-07-20 03:09:00","1"
"224","50","31","2","1","大和市","yamato-shi",,"1","system","2016-07-20 03:09:00","system","2016-07-20 03:09:00","1"
"226","50","33","2","1","海老名市","ebinacity",,"1","system","2016-07-20 03:09:00","system","2016-07-20 03:09:00","1"
"227","50","34","2","1","座間市","zamacity",,"1","system","2016-07-20 03:09:00","system","2016-07-20 03:09:00","1"
"228","50","35","2","1","南足柄市","minamiashigara",,"1","system","2016-07-20 03:09:00","system","2016-07-20 03:09:00","1"
"233","50","39","2","1","中郡二宮町","nakamiyachonakagori",,"1","system","2016-07-20 03:09:00","B57190","2016-11-16 09:24:00","3"
"235","50","40","2","1","足柄上郡大井町","oi-machiashigaramigami-gun",,"1","system","2016-07-20 03:09:00","B57190","2016-11-16 09:24:00","3"
"240","50","42","2","1","足柄下郡真鶴町","shingutowninashigarashimo-gun",,"1","system","2016-07-20 03:09:00","B57190","2016-11-16 09:24:00","2"
"241","50","43","2","1","足柄下郡湯河原町","yugawara-machiashigarashimo-gun",,"1","system","2016-07-20 03:09:00","B57190","2016-11-16 09:24:00","2"
"244","56","13","2","1","川口市","kawaguchicity",,"1","system","2016-07-20 03:09:00","B57190","2016-11-16 09:44:00","3"
"245","56","14","2","1","行田市","gyoda",,"1","system","2016-07-20 03:09:00","B57190","2016-11-16 09:44:00","3"
"247","56","16","2","1","所沢市","tokorozawa",,"1","system","2016-07-20 03:09:00","B57190","2016-11-16 09:44:00","3"
"248","56","17","2","1","飯能市","hanno",,"1","system","2016-07-20 03:09:00","B57190","2016-11-16 09:44:00","3"
"249","56","18","2","1","加須市","kazo",,"1","system","2016-07-20 03:09:00","B57190","2016-11-16 09:44:00","3"
"250","56","19","2","1","本庄市","honjocity",,"1","system","2016-07-20 03:09:00","B57190","2016-11-16 09:44:00","3"
"251","56","20","2","1","東松山市","higashimatsuyama",,"1","system","2016-07-20 03:09:00","B57190","2016-11-16 09:44:00","3"
"252","56","21","2","1","春日部市","kasukabe",,"1","system","2016-07-20 03:09:00","B57190","2016-11-16 09:44:00","3"
"253","56","22","2","1","狭山市","sayama",,"1","system","2016-07-20 03:09:00","B57190","2016-11-16 09:44:00","3"
"254","56","23","2","1","羽生市","hanyu",,"1","system","2016-07-20 03:09:00","B57190","2016-11-16 09:44:00","3"
"255","56","24","2","1","鴻巣市","konosu",,"1","system","2016-07-20 03:09:00","B57190","2016-11-16 09:44:00","3"
"256","56","25","2","1","深谷市","fukaya",,"1","system","2016-07-20 03:09:00","B57190","2016-11-16 09:44:00","3"
"257","56","26","2","1","上尾市","ageo",,"1","system","2016-07-20 03:09:00","B57190","2016-11-16 09:44:00","3"
"258","56","27","2","1","草加市","soka",,"1","system","2016-07-20 03:09:00","B57190","2016-11-16 09:44:00","3"
"259","56","28","2","1","越谷市","koshigaya",,"1","system","2016-07-20 03:09:00","B57190","2016-11-16 09:44:00","3"
"260","56","29","2","1","蕨市","warabi",,"1","system","2016-07-20 03:09:00","B57190","2016-11-16 09:44:00","3"
"261","56","30","2","1","戸田市","toda-shi",,"1","system","2016-07-20 03:09:00","B57190","2016-11-16 09:44:00","3"
"262","56","31","2","1","入間市","iruma-shi",,"1","system","2016-07-20 03:09:00","B57190","2016-11-16 09:44:00","3"
"263","56","32","2","1","朝霞市","asaka",,"1","system","2016-07-20 03:09:00","B57190","2016-11-16 09:44:00","3"
"264","56","33","2","1","志木市","shiki",,"1","system","2016-07-20 03:09:00","B57190","2016-11-16 09:44:00","3"
"265","56","34","2","1","和光市","wako-shi",,"1","system","2016-07-20 03:09:00","B57190","2016-11-16 09:44:00","3"
"267","56","36","2","1","桶川市","okagawa-shi",,"1","system","2016-07-20 03:09:00","B57190","2016-11-16 09:44:00","3"
"268","56","37","2","1","久喜市","kuki",,"1","system","2016-07-20 03:09:00","B57190","2016-11-16 09:44:00","3"
"269","56","38","2","1","北本市","kitamoto",,"1","system","2016-07-20 03:09:00","B57190","2016-11-16 09:44:00","3"
"270","56","39","2","1","八潮市","yashiocity",,"1","system","2016-07-20 03:09:00","B57190","2016-11-16 09:44:00","3"
"271","56","40","2","1","富士見市","fujimi",,"1","system","2016-07-20 03:09:00","B57190","2016-11-16 09:44:00","3"
"272","56","41","2","1","三郷市","misato-shi",,"1","system","2016-07-20 03:09:00","B57190","2016-11-16 09:44:00","3"
"273","56","42","2","1","蓮田市","hasuda-shi",,"1","system","2016-07-20 03:09:00","B57190","2016-11-16 09:44:00","3"
"274","56","43","2","1","坂戸市","sakado-shi",,"1","system","2016-07-20 03:09:00","B57190","2016-11-16 09:44:00","3"
"275","56","44","2","1","幸手市","satte",,"1","system","2016-07-20 03:09:00","B57190","2016-11-16 09:44:00","3"
"276","56","45","2","1","鶴ヶ島市","tsurugashima-shi",,"1","system","2016-07-20 03:09:00","B57190","2016-11-16 09:44:00","3"
"277","56","46","2","1","日高市","hidakacity",,"1","system","2016-07-20 03:09:00","B57190","2016-11-16 09:44:00","3"
"278","56","47","2","1","吉川市","yoshikawa",,"1","system","2016-07-20 03:09:00","B57190","2016-11-16 09:44:00","3"
"279","56","48","2","1","ふじみ野市","fujimino",,"1","system","2016-07-20 03:09:00","B57190","2016-11-16 09:44:00","3"
"280","56","49","2","1","白岡市","shiraoka",,"1","system","2016-07-20 03:09:00","B57190","2016-11-16 09:44:00","3"
"286","56","53","2","1","比企郡嵐山町","arashiyamachohigashi-gun",,"1","system","2016-07-20 03:09:00","B57190","2016-11-16 09:44:00","4"
"287","56","54","2","1","比企郡小川町","ogawa-chohigashi-gun",,"1","system","2016-07-20 03:09:00","B57190","2016-11-16 09:44:00","4"
"302","56","63","2","1","北葛飾郡杉戸町","sugitochokitatsushikoridistrict",,"1","system","2016-07-20 03:09:00","B57190","2016-11-16 09:44:00","4"
"304","60","5","2","1","市川市","ichigawacity",,"1","system","2016-07-20 03:09:00","system","2016-07-20 03:09:00","1"
"306","60","7","2","1","木更津市","kisarazu",,"1","system","2016-07-20 03:09:00","system","2016-07-20 03:09:00","1"
"307","60","8","2","1","松戸市","matsudo-shi",,"1","system","2016-07-20 03:09:00","system","2016-07-20 03:09:00","1"
"308","60","9","2","1","野田市","noda-shi",,"1","system","2016-07-20 03:09:00","system","2016-07-20 03:09:00","1"
"309","60","10","2","1","茂原市","mobaracity",,"1","system","2016-07-20 03:09:00","system","2016-07-20 03:09:00","1"
"310","60","11","2","1","成田市","narita-shi",,"1","system","2016-07-20 03:09:00","system","2016-07-20 03:09:00","1"
"311","60","12","2","1","佐倉市","sakura",,"1","system","2016-07-20 03:09:00","system","2016-07-20 03:09:00","1"
"312","60","13","2","1","東金市","toganecity",,"1","system","2016-07-20 03:09:00","system","2016-07-20 03:09:00","1"
"313","60","14","2","1","旭市","asahi",,"1","system","2016-07-20 03:09:00","system","2016-07-20 03:09:00","1"
"314","60","15","2","1","習志野市","narashino-shi",,"1","system","2016-07-20 03:09:00","system","2016-07-20 03:09:00","1"
"316","60","17","2","1","市原市","ichihara",,"1","system","2016-07-20 03:09:00","system","2016-07-20 03:09:00","1"
"317","60","18","2","1","流山市","nagareyama",,"1","system","2016-07-20 03:09:00","system","2016-07-20 03:09:00","1"
"318","60","19","2","1","八千代市","yachiyo",,"1","system","2016-07-20 03:09:00","system","2016-07-20 03:09:00","1"
"319","60","20","2","1","我孫子市","abiko",,"1","system","2016-07-20 03:09:00","system","2016-07-20 03:09:00","1"
"321","60","22","2","1","鎌ケ谷市","kamagaya-shi",,"1","system","2016-07-20 03:09:00","system","2016-07-20 03:09:00","1"
"322","60","23","2","1","君津市","kimitsu",,"1","system","2016-07-20 03:09:00","system","2016-07-20 03:09:00","1"
"323","60","24","2","1","富津市","futtsu",,"1","system","2016-07-20 03:09:00","system","2016-07-20 03:09:00","1"
"324","60","25","2","1","浦安市","urayasucity",,"1","system","2016-07-20 03:09:00","system","2016-07-20 03:09:00","1"
"325","60","26","2","1","四街道市","yotsukaido-shi",,"1","system","2016-07-20 03:09:00","system","2016-07-20 03:09:00","1"
"327","60","28","2","1","八街市","yachimi-shi",,"1","system","2016-07-20 03:09:00","system","2016-07-20 03:09:00","1"
"328","60","29","2","1","印西市","inzai",,"1","system","2016-07-20 03:09:00","system","2016-07-20 03:09:00","1"
"331","60","32","2","1","南房総市","minamiboso",,"1","system","2016-07-20 03:09:00","system","2016-07-20 03:09:00","1"
"333","60","34","2","1","香取市","katori",,"1","system","2016-07-20 03:09:00","system","2016-07-20 03:09:00","1"
"334","60","35","2","1","山武市","sanmu-shi",,"1","system","2016-07-20 03:09:00","system","2016-07-20 03:09:00","1"
"336","60","37","2","1","大網白里市","oimishirasatocity",,"1","system","2016-07-20 03:09:00","system","2016-07-20 03:09:00","1"
"342","60","40","2","1","山武郡九十九里町","kujukuri-chosanbu-gun",,"1","system","2016-07-20 03:09:00","B57190","2016-11-16 09:24:00","3"
"354","65","3","2","1","栃木市","tochigicity",,"1","system","2016-07-20 03:09:00","B57190","2016-11-16 09:27:00","3"
"356","65","5","2","1","鹿沼市","kanuma",,"1","system","2016-07-20 03:09:00","B57190","2016-11-16 09:27:00","3"
"358","65","7","2","1","小山市","oyama",,"1","system","2016-07-20 03:09:00","B57190","2016-11-16 09:27:00","3"
"360","65","9","2","1","大田原市","otawara",,"1","system","2016-07-20 03:09:00","B57190","2016-11-16 09:27:00","3"
"362","65","11","2","1","那須塩原市","nasushiobara",,"1","system","2016-07-20 03:09:00","B57190","2016-11-16 09:27:00","3"
"364","65","13","2","1","那須烏山市","nasuosan-shi",,"1","system","2016-07-20 03:09:00","B57190","2016-11-16 09:27:00","3"
"365","65","14","2","1","下野市","shimono-shi",,"1","system","2016-07-20 03:09:00","B57190","2016-11-16 09:27:00","3"
"377","68","1","2","1","水戸市","mitocity",,"1","system","2016-07-20 03:09:00","A1575","2016-07-21 05:29:00","3"
"378","68","2","2","1","日立市","hitachicity",,"1","system","2016-07-20 03:09:00","A1575","2016-07-21 05:29:00","3"
"379","68","3","2","1","土浦市","tsuchiura",,"1","system","2016-07-20 03:09:00","A1575","2016-07-21 05:29:00","3"
"380","68","4","2","1","古河市","koga-shi",,"1","system","2016-07-20 03:09:00","A1575","2016-07-21 05:29:00","3"
"381","68","5","2","1","石岡市","ishioka",,"1","system","2016-07-20 03:09:00","A1575","2016-07-21 05:29:00","3"
"382","68","6","2","1","結城市","yuuki-shi",,"1","system","2016-07-20 03:09:00","A1575","2016-07-21 05:29:00","3"
"386","68","10","2","1","常陸太田市","hitachiota-shi",,"1","system","2016-07-20 03:09:00","A1575","2016-07-21 05:29:00","3"
"389","68","13","2","1","笠間市","kasama-shi",,"1","system","2016-07-20 03:09:00","A1575","2016-07-21 05:29:00","3"
"390","68","14","2","1","取手市","toridecity",,"1","system","2016-07-20 03:09:00","A1575","2016-07-21 05:29:00","3"
"391","68","15","2","1","牛久市","ushiku",,"1","system","2016-07-20 03:09:00","A1575","2016-07-21 05:29:00","3"
"392","68","16","2","1","つくば市","tsukubacity",,"1","system","2016-07-20 03:09:00","A1575","2016-07-21 05:29:00","3"
"393","68","17","2","1","ひたちなか市","hitachinaka",,"1","system","2016-07-20 03:09:00","A1575","2016-07-21 05:29:00","3"
"396","68","20","2","1","守谷市","moriya",,"1","system","2016-07-20 03:09:00","A1575","2016-07-21 05:29:00","3"
"397","68","21","2","1","常陸大宮市","hitoshiomiya",,"1","system","2016-07-20 03:09:00","A1575","2016-07-21 05:29:00","3"
"398","68","22","2","1","那珂市","nakacity",,"1","system","2016-07-20 03:09:00","A1575","2016-07-21 05:29:00","3"
"399","68","23","2","1","筑西市","chikusei-shi",,"1","system","2016-07-20 03:09:00","A1575","2016-07-21 05:29:00","3"
"400","68","24","2","1","坂東市","bando",,"1","system","2016-07-20 03:09:00","A1575","2016-07-21 05:29:00","3"
"401","68","25","2","1","稲敷市","inagaki",,"1","system","2016-07-20 03:09:00","A1575","2016-07-21 05:29:00","3"
"403","68","27","2","1","桜川市","sakuragawa-shi",,"1","system","2016-07-20 03:09:00","A1575","2016-07-21 05:29:00","3"
"408","68","32","2","1","小美玉市","komiyama",,"1","system","2016-07-20 03:09:00","A1575","2016-07-21 05:29:00","3"
"410","68","33","2","1","東茨城郡大洗町","higashiibarakidistrictoarai-machi",,"1","system","2016-07-20 03:09:00","B57190","2016-11-16 09:24:00","5"
"413","68","35","2","1","久慈郡大子町","daigo-chokuji-gun",,"1","system","2016-07-20 03:09:00","B57190","2016-11-16 09:49:00","5"
"415","68","36","2","1","稲敷郡阿見町","ami-machiinagi-gun",,"1","system","2016-07-20 03:09:00","B57190","2016-11-16 09:24:00","5"
"421","69","4","2","1","伊勢崎市","isezaki",,"1","system","2016-07-20 03:09:00","B61509","2016-11-07 08:55:00","3"
"422","69","5","2","1","太田市","ota-shi",,"1","system","2016-07-20 03:09:00","B61509","2016-11-07 08:55:00","3"
"424","69","7","2","1","館林市","tatebayashi",,"1","system","2016-07-20 03:09:00","B61509","2016-11-07 08:55:00","3"
"425","69","8","2","1","渋川市","shibukawa",,"1","system","2016-07-20 03:09:00","B61509","2016-11-07 08:55:00","3"
"426","69","9","2","1","藤岡市","fujioka",,"1","system","2016-07-20 03:09:00","B61509","2016-11-07 08:55:00","3"
"427","69","10","2","1","富岡市","tomioka",,"1","system","2016-07-20 03:09:00","B61509","2016-11-07 08:55:00","3"
"428","69","11","2","1","安中市","annaka",,"1","system","2016-07-20 03:09:00","B61509","2016-11-07 08:55:00","3"
"429","69","12","2","1","みどり市","midori-shi",,"1","system","2016-07-20 03:09:00","B61509","2016-11-07 08:55:00","3"
"453","103","5","2","1","池田市","ikeda-shi",,"1","system","2016-07-20 03:09:00","system","2016-07-20 03:09:00","1"
"454","103","6","2","1","吹田市","suita-shi",,"1","system","2016-07-20 03:09:00","system","2016-07-20 03:09:00","1"
"455","103","7","2","1","泉大津市","izumiotsu",,"1","system","2016-07-20 03:09:00","system","2016-07-20 03:09:00","1"
"456","103","9","2","1","貝塚市","kaizuka",,"1","system","2016-07-20 03:09:00","system","2016-07-20 03:09:00","1"
"457","103","10","2","1","守口市","moriguchi-shi",,"1","system","2016-07-20 03:09:00","system","2016-07-20 03:09:00","1"
"458","103","12","2","1","茨木市","ibaraki-shi",,"1","system","2016-07-20 03:09:00","system","2016-07-20 03:09:00","1"
"459","103","13","2","1","八尾市","yaoshi",,"1","system","2016-07-20 03:09:00","system","2016-07-20 03:09:00","1"
"460","103","14","2","1","泉佐野市","izumisano",,"1","system","2016-07-20 03:09:00","system","2016-07-20 03:09:00","1"
"461","103","16","2","1","寝屋川市","neyagawa-shi",,"1","system","2016-07-20 03:09:00","system","2016-07-20 03:09:00","1"
"462","103","17","2","1","河内長野市","kawachinagano-shi",,"1","system","2016-07-20 03:09:00","system","2016-07-20 03:09:00","1"
"464","103","19","2","1","大東市","daito",,"1","system","2016-07-20 03:09:00","system","2016-07-20 03:09:00","1"
"465","103","20","2","1","和泉市","izumi-shi",,"1","system","2016-07-20 03:09:00","system","2016-07-20 03:09:00","1"
"466","103","21","2","1","箕面市","minoh",,"1","system","2016-07-20 03:09:00","system","2016-07-20 03:09:00","1"
"467","103","22","2","1","柏原市","kashiwara-shi",,"1","system","2016-07-20 03:09:00","system","2016-07-20 03:09:00","1"
"468","103","23","2","1","羽曳野市","habikino-shi",,"1","system","2016-07-20 03:09:00","system","2016-07-20 03:09:00","1"
"469","103","24","2","1","門真市","kadoma-shi",,"1","system","2016-07-20 03:09:00","system","2016-07-20 03:09:00","1"
"470","103","25","2","1","摂津市","settsu",,"1","system","2016-07-20 03:09:00","system","2016-07-20 03:09:00","1"
"471","103","26","2","1","高石市","takaishicity",,"1","system","2016-07-20 03:09:00","system","2016-07-20 03:09:00","1"
"472","103","27","2","1","藤井寺市","fujiiji",,"1","system","2016-07-20 03:09:00","system","2016-07-20 03:09:00","1"
"473","103","29","2","1","泉南市","sennan-shi",,"1","system","2016-07-20 03:09:00","system","2016-07-20 03:09:00","1"
"475","103","31","2","1","交野市","katano",,"1","system","2016-07-20 03:09:00","system","2016-07-20 03:09:00","1"
"476","103","32","2","1","大阪狭山市","osakasayamacity",,"1","system","2016-07-20 03:09:00","system","2016-07-20 03:09:00","1"
"477","103","33","2","1","阪南市","hannan-shi",,"1","system","2016-07-20 03:09:00","system","2016-07-20 03:09:00","1"
"488","111","6","2","1","洲本市","sumotocity",,"1","system","2016-07-20 03:09:00","system","2016-07-20 03:09:00","1"
"489","111","7","2","1","芦屋市","ashiya-shi",,"1","system","2016-07-20 03:09:00","system","2016-07-20 03:09:00","1"
"490","111","8","2","1","伊丹市","itami-shi",,"1","system","2016-07-20 03:09:00","system","2016-07-20 03:09:00","1"
"491","111","9","2","1","相生市","aioi",,"1","system","2016-07-20 03:09:00","system","2016-07-20 03:09:00","1"
"492","111","10","2","1","豊岡市","toyookacity",,"1","system","2016-07-20 03:09:00","system","2016-07-20 03:09:00","1"
"493","111","11","2","1","加古川市","kakogawa",,"1","system","2016-07-20 03:09:00","system","2016-07-20 03:09:00","1"
"494","111","12","2","1","赤穂市","ako",,"1","system","2016-07-20 03:09:00","system","2016-07-20 03:09:00","1"
"496","111","14","2","1","宝塚市","takarazuka",,"1","system","2016-07-20 03:09:00","system","2016-07-20 03:09:00","1"
"498","111","16","2","1","高砂市","takasago",,"1","system","2016-07-20 03:09:00","system","2016-07-20 03:09:00","1"
"499","111","17","2","1","川西市","kawanishicity",,"1","system","2016-07-20 03:09:00","system","2016-07-20 03:09:00","1"
"500","111","18","2","1","小野市","onocity",,"1","system","2016-07-20 03:09:00","system","2016-07-20 03:09:00","1"
"502","111","20","2","1","加西市","kasai",,"1","system","2016-07-20 03:09:00","system","2016-07-20 03:09:00","1"
"503","111","21","2","1","篠山市","sasayama-shi",,"1","system","2016-07-20 03:09:00","system","2016-07-20 03:09:00","1"
"504","111","22","2","1","養父市","adoptivecity",,"1","system","2016-07-20 03:09:00","system","2016-07-20 03:09:00","1"
"505","111","23","2","1","丹波市","tambacity",,"1","system","2016-07-20 03:09:00","system","2016-07-20 03:09:00","1"
"506","111","24","2","1","南あわじ市","minami-awaji",,"1","system","2016-07-20 03:09:00","system","2016-07-20 03:09:00","1"
"507","111","25","2","1","朝来市","asago-shi",,"1","system","2016-07-20 03:09:00","system","2016-07-20 03:09:00","1"
"508","111","26","2","1","淡路市","awaji-shi",,"1","system","2016-07-20 03:09:00","system","2016-07-20 03:09:00","1"
"510","111","28","2","1","加東市","kato-shi",,"1","system","2016-07-20 03:09:00","system","2016-07-20 03:09:00","1"
"515","111","32","2","1","加古郡播磨町","harima-chokako-gun",,"1","system","2016-07-20 03:09:00","B57190","2016-11-16 09:43:00","3"
"522","111","37","2","1","美方郡香美町","kami-chomikata-gun",,"1","system","2016-07-20 03:09:00","B57190","2016-11-16 09:43:00","3"
"524","117","3","2","1","舞鶴市","maizuru",,"1","system","2016-07-20 03:09:00","system","2016-07-20 03:09:00","1"
"526","117","5","2","1","宇治市","uji",,"1","system","2016-07-20 03:09:00","system","2016-07-20 03:09:00","1"
"527","117","6","2","1","宮津市","miyazu",,"1","system","2016-07-20 03:09:00","system","2016-07-20 03:09:00","1"
"528","117","7","2","1","亀岡市","kameoka",,"1","system","2016-07-20 03:09:00","system","2016-07-20 03:09:00","1"
"529","117","8","2","1","城陽市","joyangcity",,"1","system","2016-07-20 03:09:00","system","2016-07-20 03:09:00","1"
"530","117","9","2","1","向日市","tomaruka",,"1","system","2016-07-20 03:09:00","system","2016-07-20 03:09:00","1"
"531","117","10","2","1","長岡京市","nagaokakyo",,"1","system","2016-07-20 03:09:00","system","2016-07-20 03:09:00","1"
"532","117","11","2","1","八幡市","yawata",,"1","system","2016-07-20 03:09:00","system","2016-07-20 03:09:00","1"
"533","117","12","2","1","京田辺市","kyotanabe",,"1","system","2016-07-20 03:09:00","system","2016-07-20 03:09:00","1"
"534","117","13","2","1","京丹後市","kyotango-shi",,"1","system","2016-07-20 03:09:00","system","2016-07-20 03:09:00","1"
"535","117","14","2","1","南丹市","nantancity",,"1","system","2016-07-20 03:09:00","system","2016-07-20 03:09:00","1"
"536","117","15","2","1","木津川市","kizukawa-shi",,"1","system","2016-07-20 03:09:00","system","2016-07-20 03:09:00","1"
"543","117","19","2","1","相楽郡精華町","seikatownsagura-gun",,"1","system","2016-07-20 03:09:00","B57190","2016-11-16 09:24:00","3"
"548","120","3","2","1","長浜市","nagahama",,"1","system","2016-07-20 03:09:00","system","2016-07-20 03:09:00","1"
"549","120","4","2","1","近江八幡市","omihachimancity",,"1","system","2016-07-20 03:09:00","system","2016-07-20 03:09:00","1"
"550","120","5","2","1","草津市","kusatsu-shi",,"1","system","2016-07-20 03:09:00","system","2016-07-20 03:09:00","1"
"551","120","6","2","1","守山市","moriyama",,"1","system","2016-07-20 03:09:00","system","2016-07-20 03:09:00","1"
"552","120","7","2","1","栗東市","ritocity",,"1","system","2016-07-20 03:09:00","system","2016-07-20 03:09:00","1"
"553","120","8","2","1","甲賀市","koga",,"1","system","2016-07-20 03:09:00","system","2016-07-20 03:09:00","1"
"554","120","9","2","1","野洲市","yasu",,"1","system","2016-07-20 03:09:00","system","2016-07-20 03:09:00","1"
"555","120","10","2","1","湖南市","hunan",,"1","system","2016-07-20 03:09:00","system","2016-07-20 03:09:00","1"
"556","120","11","2","1","高島市","takashima",,"1","system","2016-07-20 03:09:00","system","2016-07-20 03:09:00","1"
"557","120","12","2","1","東近江市","higashiomicity",,"1","system","2016-07-20 03:09:00","system","2016-07-20 03:09:00","1"
"558","120","13","2","1","米原市","mihara",,"1","system","2016-07-20 03:09:00","system","2016-07-20 03:09:00","1"
"561","120","15","2","1","愛知郡","aichi-gunaicho-cho",,"1","system","2016-07-20 03:09:00","B57190","2016-11-16 09:24:00","3"
"565","123","3","2","1","大和郡山市","yamatokoriyamacity",,"1","system","2016-07-20 03:09:00","B57190","2016-11-16 09:32:00","3"
"567","123","5","2","1","橿原市","kashihara",,"1","system","2016-07-20 03:09:00","B57190","2016-11-16 09:32:00","3"
"568","123","6","2","1","桜井市","sakurai",,"1","system","2016-07-20 03:09:00","B57190","2016-11-16 09:32:00","3"
"571","123","9","2","1","生駒市","ikoma-shi",,"1","system","2016-07-20 03:09:00","B57190","2016-11-16 09:32:00","3"
"573","123","11","2","1","葛城市","katsuragi-shi",,"1","system","2016-07-20 03:09:00","B57190","2016-11-16 09:32:00","3"
"575","123","13","2","1","山辺郡山添村","yamabe-gunyamabe-gun",,"1","system","2016-07-20 03:09:00","B57190","2016-11-16 09:32:00","4"
"576","123","14","2","1","生駒郡平群町","ikomagunhirugatecho",,"1","system","2016-07-20 03:09:00","B57190","2016-11-16 09:33:00","4"
"602","126","3","2","1","橋本市","hashimoto",,"1","system","2016-07-20 03:09:00","system","2016-07-20 03:09:00","1"
"605","126","6","2","1","田辺市","tanabe",,"1","system","2016-07-20 03:09:00","system","2016-07-20 03:09:00","1"
"606","126","7","2","1","新宮市","shingucity",,"1","system","2016-07-20 03:09:00","system","2016-07-20 03:09:00","1"
"607","126","8","2","1","紀の川市","kinokawa",,"1","system","2016-07-20 03:09:00","system","2016-07-20 03:09:00","1"
"608","126","9","2","1","岩出市","iwade",,"1","system","2016-07-20 03:09:00","system","2016-07-20 03:09:00","1"
"610","126","11","2","1","伊都郡かつらぎ町","ito-guntsuragi-cho",,"1","system","2016-07-20 03:09:00","system","2016-07-20 03:09:00","1"
"631","103","15","2","1","富田林市","tondabayashicity",,"1","system","2016-07-20 03:09:00","system","2016-07-20 03:09:00","1"
"632","74","6","2","1","瀬戸市","setocity",,"1","system","2016-07-20 03:09:00","system","2016-07-20 03:09:00","1"
"635","74","8","2","1","春日井市","kasugai",,"1","system","2016-07-20 03:09:00","system","2016-07-20 03:09:00","1"
"638","74","11","2","1","碧南市","hekinan",,"1","system","2016-07-20 03:09:00","system","2016-07-20 03:09:00","1"
"639","74","12","2","1","刈谷市","kariya",,"1","system","2016-07-20 03:09:00","system","2016-07-20 03:09:00","1"
"640","74","13","2","1","安城市","anjo-shi",,"1","system","2016-07-20 03:09:00","system","2016-07-20 03:09:00","1"
"641","74","14","2","1","西尾市","nishio",,"1","system","2016-07-20 03:09:00","system","2016-07-20 03:09:00","1"
"643","74","16","2","1","犬山市","inuyama",,"1","system","2016-07-20 03:09:00","system","2016-07-20 03:09:00","1"
"645","74","18","2","1","江南市","gangnam-gu",,"1","system","2016-07-20 03:09:00","system","2016-07-20 03:09:00","1"
"646","74","19","2","1","小牧市","komaki",,"1","system","2016-07-20 03:09:00","system","2016-07-20 03:09:00","1"
"647","74","20","2","1","稲沢市","inazawa",,"1","system","2016-07-20 03:09:00","system","2016-07-20 03:09:00","1"
"649","74","22","2","1","東海市","tokaicity",,"1","system","2016-07-20 03:09:00","system","2016-07-20 03:09:00","1"
"650","74","23","2","1","大府市","ouchi-shi",,"1","system","2016-07-20 03:09:00","system","2016-07-20 03:09:00","1"
"653","74","26","2","1","尾張旭市","owariasahi",,"1","system","2016-07-20 03:09:00","system","2016-07-20 03:09:00","1"
"655","74","28","2","1","岩倉市","iwakura",,"1","system","2016-07-20 03:09:00","system","2016-07-20 03:09:00","1"
"656","74","29","2","1","豊明市","toyoake",,"1","system","2016-07-20 03:09:00","system","2016-07-20 03:09:00","1"
"657","74","30","2","1","日進市","nichin-shi",,"1","system","2016-07-20 03:09:00","system","2016-07-20 03:09:00","1"
"659","74","32","2","1","愛西市","aisi-shi",,"1","system","2016-07-20 03:09:00","system","2016-07-20 03:09:00","1"
"660","74","33","2","1","清須市","kiyosu",,"1","system","2016-07-20 03:09:00","system","2016-07-20 03:09:00","1"
"664","74","37","2","1","あま市","asama",,"1","system","2016-07-20 03:09:00","system","2016-07-20 03:09:00","1"
"665","74","38","2","1","長久手市","nagakutecity",,"1","system","2016-07-20 03:09:00","system","2016-07-20 03:09:00","1"
"667","83","3","2","1","沼津市","numazu",,"1","system","2016-07-20 03:09:00","system","2016-07-20 03:09:00","1"
"668","83","4","2","1","熱海市","atami",,"1","system","2016-07-20 03:09:00","system","2016-07-20 03:09:00","1"
"669","83","5","2","1","三島市","mishima-shi",,"1","system","2016-07-20 03:09:00","system","2016-07-20 03:09:00","1"
"670","83","6","2","1","富士宮市","fujinomiya",,"1","system","2016-07-20 03:09:00","system","2016-07-20 03:09:00","1"
"672","83","8","2","1","島田市","shimada-shi",,"1","system","2016-07-20 03:09:00","system","2016-07-20 03:09:00","1"
"673","83","9","2","1","富士市","fujicity",,"1","system","2016-07-20 03:09:00","system","2016-07-20 03:09:00","1"
"674","83","10","2","1","磐田市","iwata-shi",,"1","system","2016-07-20 03:09:00","system","2016-07-20 03:09:00","1"
"675","83","11","2","1","焼津市","yaizu",,"1","system","2016-07-20 03:09:00","system","2016-07-20 03:09:00","1"
"678","83","14","2","1","御殿場市","gotemba",,"1","system","2016-07-20 03:09:00","system","2016-07-20 03:09:00","1"
"679","83","15","2","1","袋井市","fukuroi",,"1","system","2016-07-20 03:09:00","system","2016-07-20 03:09:00","1"
"685","83","21","2","1","菊川市","kikukawa",,"1","system","2016-07-20 03:09:00","system","2016-07-20 03:09:00","1"
"686","83","22","2","1","伊豆の国市","izunokunicity",,"1","system","2016-07-20 03:09:00","system","2016-07-20 03:09:00","1"
"687","83","23","2","1","牧之原市","makinohara",,"1","system","2016-07-20 03:09:00","system","2016-07-20 03:09:00","1"
"692","83","28","2","1","周智郡","zhoujicounty",,"1","system","2016-07-20 03:09:00","system","2016-07-20 03:09:00","1"
"693","154","6","2","1","飯塚市","iizuka",,"1","system","2016-07-20 03:09:00","system","2016-07-20 03:09:00","1"
"694","154","7","2","1","田川市","tagawa-shi",,"1","system","2016-07-20 03:09:00","system","2016-07-20 03:09:00","1"
"695","154","8","2","1","柳川市","yanagawa-shi",,"1","system","2016-07-20 03:09:00","system","2016-07-20 03:09:00","1"
"696","154","9","2","1","八女市","yamecity",,"1","system","2016-07-20 03:09:00","system","2016-07-20 03:09:00","1"
"697","154","10","2","1","筑後市","chikugo",,"1","system","2016-07-20 03:09:00","system","2016-07-20 03:09:00","1"
"699","154","12","2","1","行橋市","yukuhashishi",,"1","system","2016-07-20 03:09:00","system","2016-07-20 03:09:00","1"
"700","154","13","2","1","豊前市","buzen",,"1","system","2016-07-20 03:09:00","system","2016-07-20 03:09:00","1"
"703","154","16","2","1","筑紫野市","chikushino",,"1","system","2016-07-20 03:09:00","system","2016-07-20 03:09:00","1"
"706","154","19","2","1","宗像市","munakata-shi",,"1","system","2016-07-20 03:09:00","system","2016-07-20 03:09:00","1"
"707","154","20","2","1","太宰府市","dazaifucity",,"1","system","2016-07-20 03:09:00","system","2016-07-20 03:09:00","1"
"708","154","21","2","1","古賀市","kogacity",,"1","system","2016-07-20 03:09:00","system","2016-07-20 03:09:00","1"
"709","154","22","2","1","福津市","fukutsucity",,"1","system","2016-07-20 03:09:00","system","2016-07-20 03:09:00","1"
"710","154","23","2","1","うきは市","ukiha-shi",,"1","system","2016-07-20 03:09:00","system","2016-07-20 03:09:00","1"
"713","154","26","2","1","朝倉市","asakura",,"1","system","2016-07-20 03:09:00","system","2016-07-20 03:09:00","1"
"715","154","28","2","1","糸島市","itoshima",,"1","system","2016-07-20 03:09:00","system","2016-07-20 03:09:00","1"
"717","154","30","2","1","糟屋郡","kasaya-gun",,"1","system","2016-07-20 03:09:00","system","2016-07-20 03:09:00","1"
"718","154","31","2","1","遠賀郡","toga-gun",,"1","system","2016-07-20 03:09:00","system","2016-07-20 03:09:00","1"
"723","154","36","2","1","三潴郡","mikawa-gun",,"1","system","2016-07-20 03:09:00","system","2016-07-20 03:09:00","1"
"724","154","37","2","1","八女郡","yame-gun",,"1","system","2016-07-20 03:09:00","system","2016-07-20 03:09:00","1"
"726","154","39","2","1","京都郡","kyoto-gun",,"1","system","2016-07-20 03:09:00","system","2016-07-20 03:09:00","1"
"729","2","6","2","1","釧路市","kushiro",,"1","system","2016-07-20 03:09:00","system","2016-07-20 03:09:00","1"
"730","2","7","2","1","帯広市","obihiro",,"1","system","2016-07-20 03:09:00","system","2016-07-20 03:09:00","1"
"731","2","8","2","1","北見市","kitamicity",,"1","system","2016-07-20 03:09:00","system","2016-07-20 03:09:00","1"
"733","2","10","2","1","岩見沢市","iwamizawa-shi",,"1","system","2016-07-20 03:09:00","system","2016-07-20 03:09:00","1"
"735","2","12","2","1","留萌市","rumoi",,"1","system","2016-07-20 03:09:00","system","2016-07-20 03:09:00","1"
"736","2","13","2","1","苫小牧市","tomakomai",,"1","system","2016-07-20 03:09:00","system","2016-07-20 03:09:00","1"
"737","2","14","2","1","稚内市","wakkanai",,"1","system","2016-07-20 03:09:00","system","2016-07-20 03:09:00","1"
"740","2","17","2","1","江別市","ebetsu",,"1","system","2016-07-20 03:09:00","system","2016-07-20 03:09:00","1"
"742","2","19","2","1","紋別市","monbetsu",,"1","system","2016-07-20 03:09:00","system","2016-07-20 03:09:00","1"
"747","2","24","2","1","千歳市","chitose",,"1","system","2016-07-20 03:09:00","system","2016-07-20 03:09:00","1"
"752","2","28","2","1","富良野市","furanocity",,"1","system","2016-07-20 03:09:00","system","2016-07-20 03:09:00","1"
"756","2","32","2","1","北広島市","kitahiroshima",,"1","system","2016-07-20 03:09:00","system","2016-07-20 03:09:00","1"
"774","2","47","2","1","虻田郡","abuta-gun",,"1","system","2016-07-20 03:09:00","system","2016-07-20 03:09:00","1"
"780","0","1","1","0","東京都(エリアから探す)","tokyo-citycenter",,"1","system","2016-07-20 03:09:00","B61509","2016-11-07 08:54:00","10"
"783","0","2","1","0","東京都(市区郡から探す)","tokyo-searchfromcitycounty",,"1","system","2016-07-20 03:09:00","B61509","2016-11-07 08:54:00","8"
"784","780","1","2","1","銀座・新橋・有楽町","ginzashimbashiyurakucho",,"1","system","2016-07-20 03:09:00","system","2016-07-20 03:09:00","1"
"785","780","2","2","1","東京・日本橋","tokyo-nihonbashi",,"1","system","2016-07-20 03:09:00","system","2016-07-20 03:09:00","1"
"786","780","3","2","1","渋谷・恵比寿・代官山","shibuyaebisudaikanyama",,"1","system","2016-07-20 03:09:00","system","2016-07-20 03:09:00","1"
"787","780","4","2","1","新宿・代々木・大久保","shinjukuyoyogiokubo",,"1","system","2016-07-20 03:09:00","system","2016-07-20 03:09:00","1"
"788","780","5","2","1","池袋～高田馬場・早稲田","ikebukuro-takadanobaba-waseda",,"1","system","2016-07-20 03:09:00","system","2016-07-20 03:09:00","1"
"789","780","6","2","1","原宿・表参道・青山","harajuku-omotesando-aoyama",,"1","system","2016-07-20 03:09:00","system","2016-07-20 03:09:00","1"
"790","780","7","2","1","六本木・麻布・広尾","roppongiazabuhiroo",,"1","system","2016-07-20 03:09:00","system","2016-07-20 03:09:00","1"
"791","780","8","2","1","赤坂・永田町・溜池","akasaka-nagatacho-tameike",,"1","system","2016-07-20 03:09:00","system","2016-07-20 03:09:00","1"
"792","780","9","2","1","四ツ谷・市ヶ谷・飯田橋","yotsuyaichigayaiidabashi",,"1","system","2016-07-20 03:09:00","system","2016-07-20 03:09:00","1"
"793","780","10","2","1","秋葉原・神田・水道橋","akihabarakandaaqueduct",,"1","system","2016-07-20 03:09:00","system","2016-07-20 03:09:00","1"
"794","780","11","2","1","上野・浅草・日暮里","ueno-asakusa-nippori",,"1","system","2016-07-20 03:09:00","system","2016-07-20 03:09:00","1"
"795","780","12","2","1","浜松町・田町・品川","hamamatsucho-tamachi-shinagawa",,"1","system","2016-07-20 03:09:00","system","2016-07-20 03:09:00","1"
"796","780","13","2","1","目黒・白金・五反田","meguro-platinum-gotanda",,"1","system","2016-07-20 03:09:00","system","2016-07-20 03:09:00","1"
"797","780","14","2","1","大塚・巣鴨・駒込・赤羽","otsukasugamokomagomeakabane",,"1","system","2016-07-20 03:09:00","system","2016-07-20 03:09:00","1"
"798","780","15","2","1","両国・錦糸町・小岩","bothcountries-kinshicho-koiwa",,"1","system","2016-07-20 03:09:00","B61509","2016-11-07 08:48:00","2"
"799","780","16","2","1","築地・湾岸・お台場","tsukiji-gulfcoast-odaiba",,"1","system","2016-07-20 03:09:00","B61509","2016-11-07 08:48:00","3"
"800","780","17","2","1","大井・蒲田","oiandkamata",,"1","system","2016-07-20 03:09:00","B61509","2016-11-07 08:48:00","4"
"801","780","18","2","1","東急沿線","totokyuline",,"1","system","2016-07-20 03:09:00","B61509","2016-11-07 08:48:00","5"
"802","780","19","2","1","京王・小田急沿線","keioandodakyulines",,"1","system","2016-07-20 03:09:00","B61509","2016-11-07 08:48:00","6"
"803","780","20","2","1","中野～西荻窪","nakano-nishigikubo",,"1","system","2016-07-20 03:09:00","B61509","2016-11-07 08:48:00","7"
"804","780","21","2","1","西武沿線","seibu-kaidoline",,"1","system","2016-07-20 03:09:00","B61509","2016-11-07 08:48:00","8"
"805","780","22","2","1","板橋・東武沿線","itabashi-tobuwaysideline",,"1","system","2016-07-20 03:09:00","B61509","2016-11-07 08:48:00","9"
"806","780","23","2","1","千住・綾瀬・葛飾","senjuayasekatsushika",,"1","system","2016-07-20 03:09:00","B61509","2016-11-07 08:49:00","10"
"807","780","24","2","1","吉祥寺・三鷹・武蔵境","kichijojimitakamusashisakai",,"1","system","2016-07-20 03:09:00","B61509","2016-11-07 08:49:00","2"
"808","780","25","2","1","小金井・国分寺・国立","koganeikokubunjinational",,"1","system","2016-07-20 03:09:00","B61509","2016-11-07 08:49:00","3"
"809","780","26","2","1","調布・府中・狛江","chofufuchukomae",,"1","system","2016-07-20 03:09:00","B61509","2016-11-07 08:49:00","4"
"810","780","27","2","1","町田・稲城・多摩","machida-inagi-tama",,"1","system","2016-07-20 03:09:00","B61509","2016-11-07 08:49:00","5"
"811","780","28","2","1","西東京市周辺","nishi-tokyoarea",,"1","system","2016-07-20 03:09:00","B61509","2016-11-07 08:49:00","6"
"812","780","29","2","1","立川市・八王子市周辺","tachikawacity-hachiojicityaround",,"1","system","2016-07-20 03:09:00","B61509","2016-11-07 08:49:00","7"
"813","780","30","2","1","福生・青梅周辺","fussa-omeplacesaround",,"1","system","2016-07-20 03:09:00","B61509","2016-11-07 08:49:00","8"
"814","780","31","2","1","伊豆諸島・小笠原","izuislands-ogasawara",,"1","system","2016-07-20 03:09:00","B61509","2016-11-07 08:49:00","9"
"817","50","2","2","1","横浜市神奈川区","yokohama-shikanagawa-ku",,"1","system","2016-07-20 03:09:00","system","2016-07-20 03:09:00","1"
"818","50","3","2","1","横浜市西区","yokohama-shinishi-ku",,"1","system","2016-07-20 03:09:00","system","2016-07-20 03:09:00","1"
"819","50","4","2","1","横浜市中区","yokohamacitynaka-ku",,"1","system","2016-07-20 03:09:00","system","2016-07-20 03:09:00","1"
"820","50","5","2","1","横浜市南区","yokohama-shiminami-ku",,"1","system","2016-07-20 03:09:00","system","2016-07-20 03:09:00","1"
"821","50","6","2","1","横浜市保土ケ谷区","yokohama-shihodogaya-ku",,"1","system","2016-07-20 03:09:00","system","2016-07-20 03:09:00","1"
"822","50","7","2","1","横浜市磯子区","yokohama-shiisogo-ku",,"1","system","2016-07-20 03:09:00","system","2016-07-20 03:09:00","1"
"823","50","8","2","1","横浜市金沢区","yokohamacitykanazawaku",,"1","system","2016-07-20 03:09:00","system","2016-07-20 03:09:00","1"
"824","50","9","2","1","横浜市港北区","kohokukuyokohama",,"1","system","2016-07-20 03:09:00","system","2016-07-20 03:09:00","1"
"825","50","10","2","1","横浜市戸塚区","yokohama-shitotsuka-ku",,"1","system","2016-07-20 03:09:00","system","2016-07-20 03:09:00","1"
"826","50","11","2","1","横浜市港南区","yokohama-shikonan-ku",,"1","system","2016-07-20 03:09:00","system","2016-07-20 03:09:00","1"
"827","50","12","2","1","横浜市旭区","yokohama-shiasahiku",,"1","system","2016-07-20 03:09:00","system","2016-07-20 03:09:00","1"
"828","50","13","2","1","横浜市緑区","yokohamacitygreenarea",,"1","system","2016-07-20 03:09:00","system","2016-07-20 03:09:00","1"
"829","50","14","2","1","横浜市瀬谷区","yokohama-shiseya-ku",,"1","system","2016-07-20 03:09:00","system","2016-07-20 03:09:00","1"
"831","50","16","2","1","横浜市泉区","izumi-kuyokohama",,"1","system","2016-07-20 03:09:00","system","2016-07-20 03:09:00","1"
"832","50","17","2","1","横浜市青葉区","yokohama-shiaoba-ku",,"1","system","2016-07-20 03:09:00","system","2016-07-20 03:09:00","1"
"833","50","18","2","1","横浜市都筑区","yokohamacitytsuzuki-ku",,"1","system","2016-07-20 03:09:00","system","2016-07-20 03:09:00","1"
"834","56","2","2","1","さいたま市北区","saitama-shikita-ku",,"1","system","2016-07-20 03:09:00","B57190","2016-11-16 09:44:00","3"
"835","56","3","2","1","さいたま市大宮区","saitamacityomiyaku",,"1","system","2016-07-20 03:09:00","B57190","2016-11-16 09:44:00","3"
"836","56","4","2","1","さいたま市見沼区","saitamamunicipalward",,"1","system","2016-07-20 03:09:00","B57190","2016-11-16 09:44:00","3"
"837","56","5","2","1","さいたま市中央区","saitama-shichuo-ku",,"1","system","2016-07-20 03:09:00","B57190","2016-11-16 09:44:00","3"
"839","56","7","2","1","さいたま市浦和区","saitamacityurawa-ku",,"1","system","2016-07-20 03:09:00","B57190","2016-11-16 09:44:00","3"
"840","56","8","2","1","さいたま市南区","saitama-shiminami-ku",,"1","system","2016-07-20 03:09:00","B57190","2016-11-16 09:44:00","3"
"841","56","9","2","1","さいたま市緑区","saitamacitygreenarea",,"1","system","2016-07-20 03:09:00","B57190","2016-11-16 09:44:00","3"
"842","56","10","2","1","さいたま市岩槻区","iwasuki-kusaitama",,"1","system","2016-07-20 03:09:00","B57190","2016-11-16 09:44:00","3"
"845","175","7","2","1","宜野湾市","ginowan-shi",,"1","system","2016-07-20 03:09:00","system","2016-07-20 03:09:00","1"
"847","2","50","2","1","上川郡","kamikawa-gun",,"1","system","2016-07-20 03:09:00","system","2016-07-20 03:09:00","1"
"849","7","2","2","1","八戸市","hachinohe-shi",,"1","system","2016-07-20 03:09:00","system","2016-07-20 03:09:00","1"
"850","7","4","2","1","十和田市","towada-shi",,"1","system","2016-07-20 03:09:00","system","2016-07-20 03:09:00","1"
"852","7","5","2","1","三沢市","misawa-shi",,"1","system","2016-07-20 03:09:00","system","2016-07-20 03:09:00","1"
"853","7","3","2","1","弘前市","hirosaki-shi",,"1","system","2016-07-20 03:09:00","system","2016-07-20 03:09:00","1"
"854","10","4","2","1","滝沢市","takizawa-shi",,"1","system","2016-07-20 03:09:00","system","2016-07-20 03:09:00","1"
"855","10","5","2","1","紫波郡","shiwa-gun",,"1","system","2016-07-20 03:09:00","system","2016-07-20 03:09:00","1"
"856","10","2","2","1","花巻市","hanamaki-shi",,"1","system","2016-07-20 03:09:00","system","2016-07-20 03:09:00","1"
"857","10","3","2","1","八幡平市","hachimantai-shi",,"1","system","2016-07-20 03:09:00","system","2016-07-20 03:09:00","1"
"858","13","2","2","1","大崎市","osaki-shi",,"1","system","2016-07-20 03:09:00","system","2016-07-20 03:09:00","1"
"859","13","5","2","1","富谷市","tomiya-shi",,"1","system","2016-07-20 03:09:00","system","2016-07-20 03:09:00","1"
"860","13","3","2","1","登米市","tome-shi",,"1","system","2016-07-20 03:09:00","system","2016-07-20 03:09:00","1"
"861","13","4","2","1","栗原市","kurihara-shi",,"1","system","2016-07-20 03:09:00","system","2016-07-20 03:09:00","1"
"863","19","1","2","1","山形市","yamagata-shi",,"1","system","2016-07-20 03:09:00","system","2016-07-20 03:09:00","1"
"864","19","3","2","1","上山市","kaminoyama-shi",,"1","system","2016-07-20 03:09:00","system","2016-07-20 03:09:00","1"
"865","19","2","2","1","天童市","tendo-shi",,"1","system","2016-07-20 03:09:00","system","2016-07-20 03:09:00","1"
"866","19","4","2","1","米沢市","yonezawa-shi",,"1","system","2016-07-20 03:09:00","system","2016-07-20 03:09:00","1"
"867","19","5","2","1","南陽市","nanyo-shi",,"1","system","2016-07-20 03:09:00","system","2016-07-20 03:09:00","1"
"868","20","4","2","1","二本松市","nihonmatsu-shi",,"1","system","2016-07-20 03:09:00","system","2016-07-20 03:09:00","1"
"869","20","1","2","1","福島市","fukushima-shi",,"1","system","2016-07-20 03:09:00","system","2016-07-20 03:09:00","1"
"870","20","7","2","1","石川郡","ishikawa-gun",,"1","system","2016-07-20 03:09:00","system","2016-07-20 03:09:00","1"
"871","20","5","2","1","須賀川市","sukagawa-shi",,"1","system","2016-07-20 03:09:00","system","2016-07-20 03:09:00","1"
"874","20","6","2","1","伊達市","fukushima-date-shi",,"1","system","2016-07-20 03:09:00","system","2016-07-20 03:09:00","1"
"875","88","2","2","1","長岡市","nagaoka-shi",,"1","system","2016-07-20 03:09:00","system","2016-07-20 03:09:00","1"
"876","88","3","2","1","上越市","joetsu-shi",,"1","system","2016-07-20 03:09:00","system","2016-07-20 03:09:00","1"
"877","88","4","2","1","加茂市","kamo-shi",,"1","system","2016-07-20 03:09:00","system","2016-07-20 03:09:00","1"
"878","88","5","2","1","新発田市","shibata-shi",,"1","system","2016-07-20 03:09:00","system","2016-07-20 03:09:00","1"
"879","88","10","2","1","南魚沼市","minamiuonuma-shi",,"1","system","2016-07-20 03:09:00","system","2016-07-20 03:09:00","1"
"880","88","8","2","1","小千谷市","ojiya-shi",,"1","system","2016-07-20 03:09:00","system","2016-07-20 03:09:00","1"
"881","88","11","2","1","阿賀野市","agano-shi",,"1","system","2016-07-20 03:09:00","system","2016-07-20 03:09:00","1"
"882","88","7","2","1","三条市","sanjo-shi",,"1","system","2016-07-20 03:09:00","system","2016-07-20 03:09:00","1"
"883","88","12","2","1","見附市","mitsuke-shi",,"1","system","2016-07-20 03:09:00","system","2016-07-20 03:09:00","1"
"885","88","14","2","1","五泉市","gosen-shi",,"1","system","2016-07-20 03:09:00","system","2016-07-20 03:09:00","1"
"887","88","16","2","1","南蒲原郡","minamikambara-gun",,"1","system","2016-07-20 03:09:00","system","2016-07-20 03:09:00","1"
"888","88","9","2","1","魚沼市","uonuma-shi",,"1","system","2016-07-20 03:09:00","system","2016-07-20 03:09:00","1"
"889","88","15","2","1","南魚沼郡","minamiuonuma-gun",,"1","system","2016-07-20 03:09:00","system","2016-07-20 03:09:00","1"
"890","91","1","2","1","甲府市","kofu-shi",,"1","system","2016-07-20 03:09:00","system","2016-07-20 03:09:00","1"
"891","91","2","2","1","甲斐市","kai-shi",,"1","system","2016-07-20 03:09:00","system","2016-07-20 03:09:00","1"
"892","91","3","2","1","甲州市","koshu-shi",,"1","system","2016-07-20 03:09:00","system","2016-07-20 03:09:00","1"
"894","91","6","2","1","富士吉田市","fujiyoshida-shi",,"1","system","2016-07-20 03:09:00","system","2016-07-20 03:09:00","1"
"895","91","5","2","1","中央市","chuo-shi",,"1","system","2016-07-20 03:09:00","system","2016-07-20 03:09:00","1"
"896","91","7","2","1","南都留郡","minamitsuru-gun",,"1","system","2016-07-20 03:09:00","system","2016-07-20 03:09:00","1"
"897","92","4","2","1","上田市","ueda-shi",,"1","system","2016-07-20 03:09:00","system","2016-07-20 03:09:00","1"
"899","92","2","2","1","飯田市","iida-shi",,"1","system","2016-07-20 03:09:00","system","2016-07-20 03:09:00","1"
"900","160","2","2","1","大村市","omura-shi",,"1","system","2016-07-20 03:09:00","system","2016-07-20 03:09:00","1"
"902","160","4","2","1","島原市","shimabara-shi",,"1","system","2016-07-20 03:09:00","system","2016-07-20 03:09:00","1"
"903","160","3","2","1","佐世保市","sasebo-shi",,"1","system","2016-07-20 03:09:00","system","2016-07-20 03:09:00","1"
"904","92","7","2","1","松本市","matsumoto-shi",,"1","system","2016-07-20 03:09:00","system","2016-07-20 03:09:00","1"
"906","92","6","2","1","東御市","tomi-shi",,"1","system","2016-07-20 03:09:00","system","2016-07-20 03:09:00","1"
"907","74","42","2","1","知多郡","chita-gun",,"1","system","2016-07-20 03:09:00","system","2016-07-20 03:09:00","1"
"908","74","40","2","1","海部郡","ama-gun",,"1","system","2016-07-20 03:09:00","system","2016-07-20 03:09:00","1"
"909","80","3","2","1","各務原市","kakamigahara-shi",,"1","system","2016-07-20 03:09:00","system","2016-07-20 03:09:00","1"
"910","80","5","2","1","本巣市","motosu-shi",,"1","system","2016-07-20 03:09:00","system","2016-07-20 03:09:00","1"
"911","80","4","2","1","羽島市","hashima-shi",,"1","system","2016-07-20 03:09:00","system","2016-07-20 03:09:00","1"
"912","80","6","2","1","養老郡","yoro-gun",,"1","system","2016-07-20 03:09:00","system","2016-07-20 03:09:00","1"
"913","80","2","2","1","大垣市","ogaki-shi",,"1","system","2016-07-20 03:09:00","system","2016-07-20 03:09:00","1"
"914","95","2","2","1","加賀市","kaga-shi",,"1","system","2016-07-20 03:09:00","system","2016-07-20 03:09:00","1"
"915","95","3","2","1","珠洲市","suzu-shi",,"1","system","2016-07-20 03:09:00","system","2016-07-20 03:09:00","1"
"916","101","1","2","1","福井市","fukui-shi",,"1","system","2016-07-20 03:09:00","system","2016-07-20 03:09:00","1"
"917","101","2","2","1","越前市","echizen-shi",,"1","system","2016-07-20 03:09:00","system","2016-07-20 03:09:00","1"
"918","87","2","2","1","伊賀市","iga-shi",,"1","system","2016-07-20 03:09:00","system","2016-07-20 03:09:00","1"
"919","87","1","2","1","伊勢市","ise-shi",,"1","system","2016-07-20 03:09:00","system","2016-07-20 03:09:00","1"
"920","87","3","2","1","桑名市","kuwana-shi",,"1","system","2016-07-20 03:09:00","system","2016-07-20 03:09:00","1"
"921","87","4","2","1","津市","tsu-shi",,"1","system","2016-07-20 03:09:00","system","2016-07-20 03:09:00","1"
"922","87","5","2","1","名張市","nabari-shi",,"1","system","2016-07-20 03:09:00","system","2016-07-20 03:09:00","1"
"923","138","1","2","1","倉吉市","kurayoshi-shi",,"1","system","2016-07-20 03:09:00","system","2016-07-20 03:09:00","1"
"925","139","2","2","1","大田市","ohda-shi",,"1","system","2016-07-20 03:09:00","system","2016-07-20 03:09:00","1"
"926","139","1","2","1","出雲市","izumo-shi",,"1","system","2016-07-20 03:09:00","system","2016-07-20 03:09:00","1"
"927","130","3","2","1","津山市","tsuyama-shi",,"1","system","2016-07-20 03:09:00","system","2016-07-20 03:09:00","1"
"928","130","4","2","1","苫田郡","tomata-gun",,"1","system","2016-07-20 03:09:00","system","2016-07-20 03:09:00","1"
"929","134","1","2","1","尾道市","onomichi-shi",,"1","system","2016-07-20 03:09:00","system","2016-07-20 03:09:00","1"
"930","134","3","2","1","東広島市","higashihiroshima-shi",,"1","system","2016-07-20 03:09:00","system","2016-07-20 03:09:00","1"
"931","134","5","2","1","三次市","hiroshima-miyoshi-shi",,"1","system","2016-07-20 03:09:00","system","2016-07-20 03:09:00","1"
"932","140","1","2","1","宇部市","ube-shi",,"1","system","2016-07-20 03:09:00","system","2016-07-20 03:09:00","1"
"933","140","3","2","1","山口市","yamaguchi-shi",,"1","system","2016-07-20 03:09:00","system","2016-07-20 03:09:00","1"
"934","143","3","2","1","さぬき市","sanuki-shi",,"1","system","2016-07-20 03:09:00","system","2016-07-20 03:09:00","1"
"935","143","6","2","1","三豊市","mitoyo-shi",,"1","system","2016-07-20 03:09:00","system","2016-07-20 03:09:00","1"
"940","146","2","2","1","徳島市","tokushima-shi",,"1","system","2016-07-20 03:09:00","system","2016-07-20 03:09:00","1"
"947","147","4","2","1","西条市","saijo-shi",,"1","system","2016-07-20 03:09:00","system","2016-07-20 03:09:00","1"
"948","147","1","2","1","今治市","imabari-shi",,"1","system","2016-07-20 03:09:00","system","2016-07-20 03:09:00","1"
"950","147","2","2","1","宇和島市","uwajima-shi",,"1","system","2016-07-20 03:09:00","system","2016-07-20 03:09:00","1"
"955","147","15","2","1","南宇和郡","minamiuwa-gun",,"1","system","2016-07-20 03:09:00","system","2016-07-20 03:09:00","1"
"960","147","12","2","1","宇和郡","uwa-gun",,"1","system","2016-07-20 03:09:00","system","2016-07-20 03:09:00","1"
"963","150","2","2","1","香南市","konan-shi",,"1","system","2016-07-20 03:09:00","system","2016-07-20 03:09:00","1"
"965","166","3","2","1","別府市","beppu-shi",,"1","system","2016-07-20 03:09:00","system","2016-07-20 03:09:00","1"
"967","159","4","2","1","佐賀市","saga-shi",,"1","system","2016-07-20 03:09:00","system","2016-07-20 03:09:00","1"
"968","159","1","2","1","伊万里市","imari-shi",,"1","system","2016-07-20 03:09:00","system","2016-07-20 03:09:00","1"
"970","159","6","2","1","西松浦郡","nishimatsura-gun",,"1","system","2016-07-20 03:09:00","system","2016-07-20 03:09:00","1"
"971","159","3","2","1","神埼市","kanzaki-shi",,"1","system","2016-07-20 03:09:00","system","2016-07-20 03:09:00","1"
"972","159","5","2","1","杵島郡","kishima-gun",,"1","system","2016-07-20 03:09:00","system","2016-07-20 03:09:00","1"
"973","163","1","2","1","天草市","amakusa-shi",,"1","system","2016-07-20 03:09:00","system","2016-07-20 03:09:00","1"
"976","163","3","2","1","合志市","kumamoto-koshi-shi",,"1","system","2016-07-20 03:09:00","system","2016-07-20 03:09:00","1"
"977","169","1","2","1","延岡市","nobeoka-shi",,"1","system","2016-07-20 03:09:00","system","2016-07-20 03:09:00","1"
"978","169","2","2","1","都城市","miyakonojo-shi",,"1","system","2016-07-20 03:09:00","system","2016-07-20 03:09:00","1"
"979","172","4","2","1","霧島市","kirishima-shi",,"1","system","2016-07-20 03:09:00","system","2016-07-20 03:09:00","1"
"980","172","5","2","1","曽於市","soo-shi",,"1","system","2016-07-20 03:09:00","system","2016-07-20 03:09:00","1"
"981","172","2","2","1","出水市","kagoshima-izumi-shi",,"1","system","2016-07-20 03:09:00","system","2016-07-20 03:09:00","1"
"982","172","1","2","1","伊佐市","isa-shi",,"1","system","2016-07-20 03:09:00","system","2016-07-20 03:09:00","1"
"984","175","8","2","1","中頭郡","nakagami-gun",,"1","system","2016-07-20 03:09:00","system","2016-07-20 03:09:00","1"
"985","175","3","2","1","うるま市","uruma-shi",,"1","system","2016-07-20 03:09:00","system","2016-07-20 03:09:00","1"
"986","175","2","2","1","浦添市","urasoe-shi",,"1","system","2016-07-20 03:09:00","system","2016-07-20 03:09:00","1"
"988","175","4","2","1","豊見城市","tomigusuku-shi",,"1","system","2016-07-20 03:09:00","system","2016-07-20 03:09:00","1"
"990","160","6","2","1","平戸市","hiradoshi",,"1","system","2016-07-20 03:09:00","system","2016-07-20 03:09:00","1"
